{"conf_table": {"_type": "table-file", "sha256": "64d53b227faa1d9af28f0039b25e56adeb64e665247c693173315a44082c2d85", "size": 182, "artifact_path": "wandb-client-artifact://d8nkw7gp2k7xvjxsauddxng616un9s7ga7musyqx1suk4btemkvyp9cg5xtvswxwz1jhylph2acylh3sqlxkjamvexu3tk3zrqzbwsiirm13w8ydtzcgaou4nf8q7hgl:latest/conf_table.table.json", "_latest_artifact_path": "wandb-client-artifact://d8nkw7gp2k7xvjxsauddxng616un9s7ga7musyqx1suk4btemkvyp9cg5xtvswxwz1jhylph2acylh3sqlxkjamvexu3tk3zrqzbwsiirm13w8ydtzcgaou4nf8q7hgl:latest/conf_table.table.json", "path": "media/table/conf_table_32_64d53b227faa1d9af28f.table.json", "ncols": 3, "nrows": 4}, "_timestamp": 1672039329.974407, "_runtime": 53.0658860206604, "_step": 34, "examples": {"_type": "table-file", "sha256": "91f6e347e7ecd02507aaae308eae951941a1290f1e97d62b6d4de16dc22ad454", "size": 1253, "artifact_path": "wandb-client-artifact://15orkm843t5lwc2hrn6uvogszgop0wnkgx0h39ep28w98jikm96fcay1rso3kts554fu89dvi6cfnb04ktvaz2uqobhmjzp28ms99jeg834lc11opdtzt1t3o01vvi27:latest/examples.table.json", "_latest_artifact_path": "wandb-client-artifact://15orkm843t5lwc2hrn6uvogszgop0wnkgx0h39ep28w98jikm96fcay1rso3kts554fu89dvi6cfnb04ktvaz2uqobhmjzp28ms99jeg834lc11opdtzt1t3o01vvi27:latest/examples.table.json", "path": "media/table/examples_34_91f6e347e7ecd02507aa.table.json", "ncols": 3, "nrows": 20}, "global_step": 134, "train/loss_step": 0.6886765956878662, "train/acc_step": 0.640625, "epoch": 0, "trainer/global_step": 133, "valid/loss_step": 0.4937606155872345, "valid/loss_epoch": 0.618112325668335, "valid/acc": 0.6912751793861389, "valid/precision_macro": 0.6912751793861389, "valid/recall_macro": 1.0, "valid/precision_micro": 0.6912751793861389, "valid/recall_micro": 1.0, "valid/f1": 0.8158162832260132, "_wandb": {"runtime": 52}}