{"conf_table": {"_type": "table-file", "sha256": "64d53b227faa1d9af28f0039b25e56adeb64e665247c693173315a44082c2d85", "size": 182, "artifact_path": "wandb-client-artifact://m64awubt8aqqv0ub83zfqtym2ysojycdt9urd8zj2b2v5fqjgyxj6k0lo37zk4uhav1cbgnmnwr9dyee3deegjzws1ime8o12clxex1xkd5qyrlof6wisnm634nrpr9h:latest/conf_table.table.json", "_latest_artifact_path": "wandb-client-artifact://m64awubt8aqqv0ub83zfqtym2ysojycdt9urd8zj2b2v5fqjgyxj6k0lo37zk4uhav1cbgnmnwr9dyee3deegjzws1ime8o12clxex1xkd5qyrlof6wisnm634nrpr9h:latest/conf_table.table.json", "path": "media/table/conf_table_32_64d53b227faa1d9af28f.table.json", "ncols": 3, "nrows": 4}, "_timestamp": 1672039468.3883064, "_runtime": 51.388750314712524, "_step": 34, "examples": {"_type": "table-file", "sha256": "91f6e347e7ecd02507aaae308eae951941a1290f1e97d62b6d4de16dc22ad454", "size": 1253, "artifact_path": "wandb-client-artifact://3tyg0uwfuj3mbz60o9vfw9te1fxjf8m68ek2j5qzgko6zgl8ew4kb0ziu1oua4ttpeny3r9dnuvpt9i3wep3a24zwtzwis33t75ps41zcwi8jhu5sca9wpz3ptl9buf2:latest/examples.table.json", "_latest_artifact_path": "wandb-client-artifact://3tyg0uwfuj3mbz60o9vfw9te1fxjf8m68ek2j5qzgko6zgl8ew4kb0ziu1oua4ttpeny3r9dnuvpt9i3wep3a24zwtzwis33t75ps41zcwi8jhu5sca9wpz3ptl9buf2:latest/examples.table.json", "path": "media/table/examples_34_91f6e347e7ecd02507aa.table.json", "ncols": 3, "nrows": 20}, "global_step": 134, "train/loss_step": 0.6260066628456116, "train/acc_step": 0.671875, "epoch": 0, "trainer/global_step": 133, "valid/loss_step": 0.4953162968158722, "valid/loss_epoch": 0.6177554130554199, "valid/acc": 0.6912751793861389, "valid/precision_macro": 0.6912751793861389, "valid/recall_macro": 1.0, "valid/precision_micro": 0.6912751793861389, "valid/recall_micro": 1.0, "valid/f1": 0.8158162832260132, "_wandb": {"runtime": 50}}