{"conf_table": {"_type": "table-file", "sha256": "64d53b227faa1d9af28f0039b25e56adeb64e665247c693173315a44082c2d85", "size": 182, "artifact_path": "wandb-client-artifact://uv2gqmaj1ew12fepgzileo735irm8uxwk4pfnsbdrx0wxmes0knbo6seojirv0vkg29ubumc4uqsdyqulhzjl3pbe485qkwjqsn62w2l31ql2ed9nxq23ng08bshjuwg:latest/conf_table.table.json", "_latest_artifact_path": "wandb-client-artifact://uv2gqmaj1ew12fepgzileo735irm8uxwk4pfnsbdrx0wxmes0knbo6seojirv0vkg29ubumc4uqsdyqulhzjl3pbe485qkwjqsn62w2l31ql2ed9nxq23ng08bshjuwg:latest/conf_table.table.json", "path": "media/table/conf_table_32_64d53b227faa1d9af28f.table.json", "ncols": 3, "nrows": 4}, "_timestamp": 1672039718.1306388, "_runtime": 50.04748177528381, "_step": 34, "examples": {"_type": "table-file", "sha256": "91f6e347e7ecd02507aaae308eae951941a1290f1e97d62b6d4de16dc22ad454", "size": 1253, "artifact_path": "wandb-client-artifact://19qh81syc2war8fs3t019n8itggmw2c3dsqgggo6lgqli10cqk0r6ucqytkfqo3g99gy6dsedpohd0mj8tr56q2r8pdaps0vkenqk69ip3gbe1nfup8i0xbepdavaodr:latest/examples.table.json", "_latest_artifact_path": "wandb-client-artifact://19qh81syc2war8fs3t019n8itggmw2c3dsqgggo6lgqli10cqk0r6ucqytkfqo3g99gy6dsedpohd0mj8tr56q2r8pdaps0vkenqk69ip3gbe1nfup8i0xbepdavaodr:latest/examples.table.json", "path": "media/table/examples_34_91f6e347e7ecd02507aa.table.json", "ncols": 3, "nrows": 20}, "global_step": 134, "train/loss_step": 0.6113289594650269, "train/acc_step": 0.6875, "epoch": 0, "trainer/global_step": 133, "valid/loss_step": 0.48712068796157837, "valid/loss_epoch": 0.618192195892334, "valid/acc": 0.6912751793861389, "valid/precision_macro": 0.6912751793861389, "valid/recall_macro": 1.0, "valid/precision_micro": 0.6912751793861389, "valid/recall_micro": 1.0, "valid/f1": 0.8158162832260132, "_wandb": {"runtime": 49}}