{"conf_table": {"_type": "table-file", "sha256": "64d53b227faa1d9af28f0039b25e56adeb64e665247c693173315a44082c2d85", "size": 182, "artifact_path": "wandb-client-artifact://12pfnq8szuep7gudyn9xwculvqpa4wcaaqe1opurzo1i3he9dofa8v1dasr0qljkuuen0jvvhr2s2psx0ml1bbk18gcutr3axa70tl6yl2dunmvffwyavmzu3vz21kct:latest/conf_table.table.json", "_latest_artifact_path": "wandb-client-artifact://12pfnq8szuep7gudyn9xwculvqpa4wcaaqe1opurzo1i3he9dofa8v1dasr0qljkuuen0jvvhr2s2psx0ml1bbk18gcutr3axa70tl6yl2dunmvffwyavmzu3vz21kct:latest/conf_table.table.json", "path": "media/table/conf_table_101_64d53b227faa1d9af28f.table.json", "ncols": 3, "nrows": 4}, "_timestamp": 1672039922.6287496, "_runtime": 133.86414670944214, "_step": 104, "examples": {"_type": "table-file", "sha256": "91f6e347e7ecd02507aaae308eae951941a1290f1e97d62b6d4de16dc22ad454", "size": 1253, "artifact_path": "wandb-client-artifact://aheiivw3v30isx7uqqn2h0gcfim2feiuyak1swpbyeodfmbfcnkufudzblzutplkd57zgek85689vjke071klw2grhim8hq1vse7sxyqopw5kodyne1k5kfbrvde5ehy:latest/examples.table.json", "_latest_artifact_path": "wandb-client-artifact://aheiivw3v30isx7uqqn2h0gcfim2feiuyak1swpbyeodfmbfcnkufudzblzutplkd57zgek85689vjke071klw2grhim8hq1vse7sxyqopw5kodyne1k5kfbrvde5ehy:latest/examples.table.json", "path": "media/table/examples_103_91f6e347e7ecd02507aa.table.json", "ncols": 3, "nrows": 20}, "global_step": 402, "train/loss_step": 0.5782544016838074, "train/acc_step": 0.71875, "epoch": 2, "trainer/global_step": 401, "valid/loss_step": 0.48194560408592224, "valid/loss_epoch": 0.617678165435791, "valid/acc": 0.6912751793861389, "valid/precision_macro": 0.6912751793861389, "valid/recall_macro": 1.0, "valid/precision_micro": 0.6912751793861389, "valid/recall_micro": 1.0, "valid/f1": 0.8158162832260132, "train/loss_epoch": 0.6061931252479553, "train/acc_epoch": 0.7043620347976685, "_wandb": {"runtime": 133}}